{
    "v2 dji m3m 5280 3956 brown 0.6666": {
        "projection_type": "brown",
        "width": 5280,
        "height": 3956,
        "focal_x": 0.6666666666666666,
        "focal_y": 0.6666666666666666,
        "c_x": 0.0,
        "c_y": 0.0,
        "k1": 0.0,
        "k2": 0.0,
        "p1": 0.0,
        "p2": 0.0,
        "k3": 0.0
    }
}