{
    "wall_times": {
        "load_features": 0.052211583009921014,
        "load_matches": 0.003422749927267432,
        "compute_tracks": 0.09343162504956126
    },
    "wall_time": 0.1490659579867497,
    "num_images": 12,
    "num_tracks": 6303,
    "view_graph": [
        [
            "DJI_20260327084531_0003_D.JPG",
            "DJI_20260327084546_0008_D.JPG",
            9
        ],
        [
            "DJI_20260327084531_0003_D.JPG",
            "DJI_20260327084552_0010_D.JPG",
            1
        ],
        [
            "DJI_20260327084534_0004_D.JPG",
            "DJI_20260327084552_0010_D.JPG",
            2
        ],
        [
            "DJI_20260327084534_0004_D.JPG",
            "DJI_20260327084549_0009_D.JPG",
            4
        ],
        [
            "DJI_20260327084524_0001_D.JPG",
            "DJI_20260327084540_0006_D.JPG",
            32
        ],
        [
            "DJI_20260327084540_0006_D.JPG",
            "DJI_20260327084552_0010_D.JPG",
            25
        ],
        [
            "DJI_20260327084528_0002_D.JPG",
            "DJI_20260327084546_0008_D.JPG",
            3
        ],
        [
            "DJI_20260327084524_0001_D.JPG",
            "DJI_20260327084537_0005_D.JPG",
            67
        ],
        [
            "DJI_20260327084524_0001_D.JPG",
            "DJI_20260327084534_0004_D.JPG",
            137
        ],
        [
            "DJI_20260327084531_0003_D.JPG",
            "DJI_20260327084543_0007_D.JPG",
            72
        ],
        [
            "DJI_20260327084524_0001_D.JPG",
            "DJI_20260327084531_0003_D.JPG",
            358
        ],
        [
            "DJI_20260327084543_0007_D.JPG",
            "DJI_20260327084555_0011_D.JPG",
            111
        ],
        [
            "DJI_20260327084543_0007_D.JPG",
            "DJI_20260327084552_0010_D.JPG",
            201
        ],
        [
            "DJI_20260327084528_0002_D.JPG",
            "DJI_20260327084537_0005_D.JPG",
            341
        ],
        [
            "DJI_20260327084540_0006_D.JPG",
            "DJI_20260327084555_0011_D.JPG",
            8
        ],
        [
            "DJI_20260327084549_0009_D.JPG",
            "DJI_20260327084558_0012_D.JPG",
            134
        ],
        [
            "DJI_20260327084540_0006_D.JPG",
            "DJI_20260327084543_0007_D.JPG",
            1146
        ],
        [
            "DJI_20260327084540_0006_D.JPG",
            "DJI_20260327084546_0008_D.JPG",
            569
        ],
        [
            "DJI_20260327084543_0007_D.JPG",
            "DJI_20260327084558_0012_D.JPG",
            2
        ],
        [
            "DJI_20260327084524_0001_D.JPG",
            "DJI_20260327084543_0007_D.JPG",
            18
        ],
        [
            "DJI_20260327084528_0002_D.JPG",
            "DJI_20260327084540_0006_D.JPG",
            193
        ],
        [
            "DJI_20260327084540_0006_D.JPG",
            "DJI_20260327084549_0009_D.JPG",
            185
        ],
        [
            "DJI_20260327084552_0010_D.JPG",
            "DJI_20260327084558_0012_D.JPG",
            313
        ],
        [
            "DJI_20260327084528_0002_D.JPG",
            "DJI_20260327084534_0004_D.JPG",
            593
        ],
        [
            "DJI_20260327084534_0004_D.JPG",
            "DJI_20260327084540_0006_D.JPG",
            633
        ],
        [
            "DJI_20260327084555_0011_D.JPG",
            "DJI_20260327084558_0012_D.JPG",
            805
        ],
        [
            "DJI_20260327084537_0005_D.JPG",
            "DJI_20260327084549_0009_D.JPG",
            97
        ],
        [
            "DJI_20260327084543_0007_D.JPG",
            "DJI_20260327084549_0009_D.JPG",
            437
        ],
        [
            "DJI_20260327084528_0002_D.JPG",
            "DJI_20260327084543_0007_D.JPG",
            24
        ],
        [
            "DJI_20260327084537_0005_D.JPG",
            "DJI_20260327084540_0006_D.JPG",
            1323
        ],
        [
            "DJI_20260327084543_0007_D.JPG",
            "DJI_20260327084546_0008_D.JPG",
            1090
        ],
        [
            "DJI_20260327084531_0003_D.JPG",
            "DJI_20260327084540_0006_D.JPG",
            323
        ],
        [
            "DJI_20260327084546_0008_D.JPG",
            "DJI_20260327084549_0009_D.JPG",
            868
        ],
        [
            "DJI_20260327084531_0003_D.JPG",
            "DJI_20260327084549_0009_D.JPG",
            1
        ],
        [
            "DJI_20260327084546_0008_D.JPG",
            "DJI_20260327084555_0011_D.JPG",
            259
        ],
        [
            "DJI_20260327084524_0001_D.JPG",
            "DJI_20260327084546_0008_D.JPG",
            2
        ],
        [
            "DJI_20260327084552_0010_D.JPG",
            "DJI_20260327084555_0011_D.JPG",
            714
        ],
        [
            "DJI_20260327084546_0008_D.JPG",
            "DJI_20260327084558_0012_D.JPG",
            66
        ],
        [
            "DJI_20260327084537_0005_D.JPG",
            "DJI_20260327084543_0007_D.JPG",
            650
        ],
        [
            "DJI_20260327084537_0005_D.JPG",
            "DJI_20260327084546_0008_D.JPG",
            359
        ],
        [
            "DJI_20260327084531_0003_D.JPG",
            "DJI_20260327084534_0004_D.JPG",
            1072
        ],
        [
            "DJI_20260327084537_0005_D.JPG",
            "DJI_20260327084552_0010_D.JPG",
            2
        ],
        [
            "DJI_20260327084528_0002_D.JPG",
            "DJI_20260327084531_0003_D.JPG",
            1281
        ],
        [
            "DJI_20260327084549_0009_D.JPG",
            "DJI_20260327084552_0010_D.JPG",
            795
        ],
        [
            "DJI_20260327084534_0004_D.JPG",
            "DJI_20260327084543_0007_D.JPG",
            259
        ],
        [
            "DJI_20260327084531_0003_D.JPG",
            "DJI_20260327084537_0005_D.JPG",
            587
        ],
        [
            "DJI_20260327084549_0009_D.JPG",
            "DJI_20260327084555_0011_D.JPG",
            415
        ],
        [
            "DJI_20260327084534_0004_D.JPG",
            "DJI_20260327084537_0005_D.JPG",
            1104
        ],
        [
            "DJI_20260327084524_0001_D.JPG",
            "DJI_20260327084528_0002_D.JPG",
            560
        ],
        [
            "DJI_20260327084546_0008_D.JPG",
            "DJI_20260327084552_0010_D.JPG",
            439
        ],
        [
            "DJI_20260327084534_0004_D.JPG",
            "DJI_20260327084546_0008_D.JPG",
            103
        ]
    ]
}