{
    "wall_times": {
        "load_features": 0.06096891699999851,
        "load_matches": 0.00325670800000033,
        "compute_tracks": 0.10055050000000065
    },
    "wall_time": 0.1647761249999995,
    "num_images": 12,
    "num_tracks": 6305,
    "view_graph": [
        [
            "DJI_20260327084528_0002_D.JPG",
            "DJI_20260327084552_0010_D.JPG",
            1
        ],
        [
            "DJI_20260327084528_0002_D.JPG",
            "DJI_20260327084549_0009_D.JPG",
            1
        ],
        [
            "DJI_20260327084534_0004_D.JPG",
            "DJI_20260327084552_0010_D.JPG",
            2
        ],
        [
            "DJI_20260327084531_0003_D.JPG",
            "DJI_20260327084552_0010_D.JPG",
            2
        ],
        [
            "DJI_20260327084534_0004_D.JPG",
            "DJI_20260327084549_0009_D.JPG",
            5
        ],
        [
            "DJI_20260327084524_0001_D.JPG",
            "DJI_20260327084540_0006_D.JPG",
            28
        ],
        [
            "DJI_20260327084531_0003_D.JPG",
            "DJI_20260327084546_0008_D.JPG",
            11
        ],
        [
            "DJI_20260327084546_0008_D.JPG",
            "DJI_20260327084558_0012_D.JPG",
            70
        ],
        [
            "DJI_20260327084528_0002_D.JPG",
            "DJI_20260327084546_0008_D.JPG",
            2
        ],
        [
            "DJI_20260327084524_0001_D.JPG",
            "DJI_20260327084537_0005_D.JPG",
            65
        ],
        [
            "DJI_20260327084528_0002_D.JPG",
            "DJI_20260327084537_0005_D.JPG",
            342
        ],
        [
            "DJI_20260327084524_0001_D.JPG",
            "DJI_20260327084543_0007_D.JPG",
            14
        ],
        [
            "DJI_20260327084543_0007_D.JPG",
            "DJI_20260327084558_0012_D.JPG",
            3
        ],
        [
            "DJI_20260327084528_0002_D.JPG",
            "DJI_20260327084540_0006_D.JPG",
            186
        ],
        [
            "DJI_20260327084537_0005_D.JPG",
            "DJI_20260327084546_0008_D.JPG",
            369
        ],
        [
            "DJI_20260327084552_0010_D.JPG",
            "DJI_20260327084558_0012_D.JPG",
            311
        ],
        [
            "DJI_20260327084555_0011_D.JPG",
            "DJI_20260327084558_0012_D.JPG",
            784
        ],
        [
            "DJI_20260327084531_0003_D.JPG",
            "DJI_20260327084537_0005_D.JPG",
            586
        ],
        [
            "DJI_20260327084531_0003_D.JPG",
            "DJI_20260327084540_0006_D.JPG",
            330
        ],
        [
            "DJI_20260327084549_0009_D.JPG",
            "DJI_20260327084555_0011_D.JPG",
            402
        ],
        [
            "DJI_20260327084531_0003_D.JPG",
            "DJI_20260327084549_0009_D.JPG",
            2
        ],
        [
            "DJI_20260327084546_0008_D.JPG",
            "DJI_20260327084555_0011_D.JPG",
            269
        ],
        [
            "DJI_20260327084524_0001_D.JPG",
            "DJI_20260327084546_0008_D.JPG",
            1
        ],
        [
            "DJI_20260327084552_0010_D.JPG",
            "DJI_20260327084555_0011_D.JPG",
            698
        ],
        [
            "DJI_20260327084546_0008_D.JPG",
            "DJI_20260327084549_0009_D.JPG",
            923
        ],
        [
            "DJI_20260327084543_0007_D.JPG",
            "DJI_20260327084555_0011_D.JPG",
            109
        ],
        [
            "DJI_20260327084534_0004_D.JPG",
            "DJI_20260327084546_0008_D.JPG",
            109
        ],
        [
            "DJI_20260327084546_0008_D.JPG",
            "DJI_20260327084552_0010_D.JPG",
            454
        ],
        [
            "DJI_20260327084540_0006_D.JPG",
            "DJI_20260327084552_0010_D.JPG",
            20
        ],
        [
            "DJI_20260327084537_0005_D.JPG",
            "DJI_20260327084549_0009_D.JPG",
            105
        ],
        [
            "DJI_20260327084543_0007_D.JPG",
            "DJI_20260327084549_0009_D.JPG",
            429
        ],
        [
            "DJI_20260327084543_0007_D.JPG",
            "DJI_20260327084552_0010_D.JPG",
            201
        ],
        [
            "DJI_20260327084540_0006_D.JPG",
            "DJI_20260327084546_0008_D.JPG",
            542
        ],
        [
            "DJI_20260327084528_0002_D.JPG",
            "DJI_20260327084543_0007_D.JPG",
            22
        ],
        [
            "DJI_20260327084537_0005_D.JPG",
            "DJI_20260327084540_0006_D.JPG",
            1320
        ],
        [
            "DJI_20260327084543_0007_D.JPG",
            "DJI_20260327084546_0008_D.JPG",
            1047
        ],
        [
            "DJI_20260327084540_0006_D.JPG",
            "DJI_20260327084549_0009_D.JPG",
            177
        ],
        [
            "DJI_20260327084531_0003_D.JPG",
            "DJI_20260327084543_0007_D.JPG",
            73
        ],
        [
            "DJI_20260327084537_0005_D.JPG",
            "DJI_20260327084552_0010_D.JPG",
            2
        ],
        [
            "DJI_20260327084528_0002_D.JPG",
            "DJI_20260327084531_0003_D.JPG",
            1280
        ],
        [
            "DJI_20260327084531_0003_D.JPG",
            "DJI_20260327084534_0004_D.JPG",
            1096
        ],
        [
            "DJI_20260327084524_0001_D.JPG",
            "DJI_20260327084534_0004_D.JPG",
            135
        ],
        [
            "DJI_20260327084534_0004_D.JPG",
            "DJI_20260327084537_0005_D.JPG",
            1091
        ],
        [
            "DJI_20260327084524_0001_D.JPG",
            "DJI_20260327084528_0002_D.JPG",
            580
        ],
        [
            "DJI_20260327084524_0001_D.JPG",
            "DJI_20260327084531_0003_D.JPG",
            369
        ],
        [
            "DJI_20260327084549_0009_D.JPG",
            "DJI_20260327084552_0010_D.JPG",
            780
        ],
        [
            "DJI_20260327084534_0004_D.JPG",
            "DJI_20260327084543_0007_D.JPG",
            260
        ],
        [
            "DJI_20260327084540_0006_D.JPG",
            "DJI_20260327084543_0007_D.JPG",
            1146
        ],
        [
            "DJI_20260327084537_0005_D.JPG",
            "DJI_20260327084543_0007_D.JPG",
            662
        ],
        [
            "DJI_20260327084534_0004_D.JPG",
            "DJI_20260327084540_0006_D.JPG",
            630
        ],
        [
            "DJI_20260327084528_0002_D.JPG",
            "DJI_20260327084534_0004_D.JPG",
            595
        ],
        [
            "DJI_20260327084549_0009_D.JPG",
            "DJI_20260327084558_0012_D.JPG",
            139
        ],
        [
            "DJI_20260327084540_0006_D.JPG",
            "DJI_20260327084555_0011_D.JPG",
            7
        ]
    ]
}