{
    "wall_times": {
        "load_features": 0.08499899999878835,
        "load_matches": 0.0046576249951613136,
        "compute_tracks": 0.14673450000555022
    },
    "wall_time": 0.23639112499949988,
    "num_images": 12,
    "num_tracks": 6313,
    "view_graph": [
        [
            "DJI_20260327084540_0006_D.JPG",
            "DJI_20260327084558_0012_D.JPG",
            1
        ],
        [
            "DJI_20260327084537_0005_D.JPG",
            "DJI_20260327084555_0011_D.JPG",
            1
        ],
        [
            "DJI_20260327084537_0005_D.JPG",
            "DJI_20260327084558_0012_D.JPG",
            1
        ],
        [
            "DJI_20260327084531_0003_D.JPG",
            "DJI_20260327084546_0008_D.JPG",
            12
        ],
        [
            "DJI_20260327084524_0001_D.JPG",
            "DJI_20260327084540_0006_D.JPG",
            30
        ],
        [
            "DJI_20260327084528_0002_D.JPG",
            "DJI_20260327084546_0008_D.JPG",
            4
        ],
        [
            "DJI_20260327084524_0001_D.JPG",
            "DJI_20260327084537_0005_D.JPG",
            61
        ],
        [
            "DJI_20260327084534_0004_D.JPG",
            "DJI_20260327084552_0010_D.JPG",
            3
        ],
        [
            "DJI_20260327084534_0004_D.JPG",
            "DJI_20260327084549_0009_D.JPG",
            6
        ],
        [
            "DJI_20260327084531_0003_D.JPG",
            "DJI_20260327084543_0007_D.JPG",
            70
        ],
        [
            "DJI_20260327084540_0006_D.JPG",
            "DJI_20260327084552_0010_D.JPG",
            28
        ],
        [
            "DJI_20260327084524_0001_D.JPG",
            "DJI_20260327084531_0003_D.JPG",
            361
        ],
        [
            "DJI_20260327084524_0001_D.JPG",
            "DJI_20260327084534_0004_D.JPG",
            135
        ],
        [
            "DJI_20260327084528_0002_D.JPG",
            "DJI_20260327084537_0005_D.JPG",
            340
        ],
        [
            "DJI_20260327084552_0010_D.JPG",
            "DJI_20260327084558_0012_D.JPG",
            300
        ],
        [
            "DJI_20260327084555_0011_D.JPG",
            "DJI_20260327084558_0012_D.JPG",
            764
        ],
        [
            "DJI_20260327084549_0009_D.JPG",
            "DJI_20260327084555_0011_D.JPG",
            413
        ],
        [
            "DJI_20260327084540_0006_D.JPG",
            "DJI_20260327084555_0011_D.JPG",
            8
        ],
        [
            "DJI_20260327084549_0009_D.JPG",
            "DJI_20260327084558_0012_D.JPG",
            135
        ],
        [
            "DJI_20260327084537_0005_D.JPG",
            "DJI_20260327084552_0010_D.JPG",
            4
        ],
        [
            "DJI_20260327084528_0002_D.JPG",
            "DJI_20260327084531_0003_D.JPG",
            1260
        ],
        [
            "DJI_20260327084537_0005_D.JPG",
            "DJI_20260327084546_0008_D.JPG",
            359
        ],
        [
            "DJI_20260327084531_0003_D.JPG",
            "DJI_20260327084534_0004_D.JPG",
            1087
        ],
        [
            "DJI_20260327084534_0004_D.JPG",
            "DJI_20260327084543_0007_D.JPG",
            255
        ],
        [
            "DJI_20260327084549_0009_D.JPG",
            "DJI_20260327084552_0010_D.JPG",
            797
        ],
        [
            "DJI_20260327084537_0005_D.JPG",
            "DJI_20260327084549_0009_D.JPG",
            100
        ],
        [
            "DJI_20260327084543_0007_D.JPG",
            "DJI_20260327084549_0009_D.JPG",
            458
        ],
        [
            "DJI_20260327084546_0008_D.JPG",
            "DJI_20260327084558_0012_D.JPG",
            73
        ],
        [
            "DJI_20260327084534_0004_D.JPG",
            "DJI_20260327084546_0008_D.JPG",
            104
        ],
        [
            "DJI_20260327084546_0008_D.JPG",
            "DJI_20260327084552_0010_D.JPG",
            443
        ],
        [
            "DJI_20260327084546_0008_D.JPG",
            "DJI_20260327084549_0009_D.JPG",
            930
        ],
        [
            "DJI_20260327084524_0001_D.JPG",
            "DJI_20260327084546_0008_D.JPG",
            2
        ],
        [
            "DJI_20260327084552_0010_D.JPG",
            "DJI_20260327084555_0011_D.JPG",
            709
        ],
        [
            "DJI_20260327084531_0003_D.JPG",
            "DJI_20260327084549_0009_D.JPG",
            1
        ],
        [
            "DJI_20260327084546_0008_D.JPG",
            "DJI_20260327084555_0011_D.JPG",
            268
        ],
        [
            "DJI_20260327084528_0002_D.JPG",
            "DJI_20260327084543_0007_D.JPG",
            22
        ],
        [
            "DJI_20260327084537_0005_D.JPG",
            "DJI_20260327084540_0006_D.JPG",
            1317
        ],
        [
            "DJI_20260327084543_0007_D.JPG",
            "DJI_20260327084546_0008_D.JPG",
            1093
        ],
        [
            "DJI_20260327084540_0006_D.JPG",
            "DJI_20260327084546_0008_D.JPG",
            559
        ],
        [
            "DJI_20260327084543_0007_D.JPG",
            "DJI_20260327084552_0010_D.JPG",
            206
        ],
        [
            "DJI_20260327084540_0006_D.JPG",
            "DJI_20260327084549_0009_D.JPG",
            197
        ],
        [
            "DJI_20260327084540_0006_D.JPG",
            "DJI_20260327084543_0007_D.JPG",
            1157
        ],
        [
            "DJI_20260327084537_0005_D.JPG",
            "DJI_20260327084543_0007_D.JPG",
            665
        ],
        [
            "DJI_20260327084543_0007_D.JPG",
            "DJI_20260327084555_0011_D.JPG",
            109
        ],
        [
            "DJI_20260327084524_0001_D.JPG",
            "DJI_20260327084528_0002_D.JPG",
            567
        ],
        [
            "DJI_20260327084534_0004_D.JPG",
            "DJI_20260327084537_0005_D.JPG",
            1108
        ],
        [
            "DJI_20260327084531_0003_D.JPG",
            "DJI_20260327084540_0006_D.JPG",
            321
        ],
        [
            "DJI_20260327084531_0003_D.JPG",
            "DJI_20260327084537_0005_D.JPG",
            582
        ],
        [
            "DJI_20260327084524_0001_D.JPG",
            "DJI_20260327084543_0007_D.JPG",
            14
        ],
        [
            "DJI_20260327084543_0007_D.JPG",
            "DJI_20260327084558_0012_D.JPG",
            4
        ],
        [
            "DJI_20260327084528_0002_D.JPG",
            "DJI_20260327084540_0006_D.JPG",
            181
        ],
        [
            "DJI_20260327084534_0004_D.JPG",
            "DJI_20260327084540_0006_D.JPG",
            621
        ],
        [
            "DJI_20260327084528_0002_D.JPG",
            "DJI_20260327084534_0004_D.JPG",
            595
        ]
    ]
}