{
    "wall_times": {
        "load_features": 0.3139142260000085,
        "load_matches": 0.06297547100001566,
        "compute_tracks": 0.2332662110000001
    },
    "wall_time": 0.6101559080000243,
    "num_images": 12,
    "num_tracks": 6281,
    "view_graph": [
        [
            "DJI_20260327084534_0004_D.JPG",
            "DJI_20260327084552_0010_D.JPG",
            1
        ],
        [
            "DJI_20260327084534_0004_D.JPG",
            "DJI_20260327084549_0009_D.JPG",
            4
        ],
        [
            "DJI_20260327084540_0006_D.JPG",
            "DJI_20260327084552_0010_D.JPG",
            22
        ],
        [
            "DJI_20260327084531_0003_D.JPG",
            "DJI_20260327084546_0008_D.JPG",
            8
        ],
        [
            "DJI_20260327084537_0005_D.JPG",
            "DJI_20260327084549_0009_D.JPG",
            103
        ],
        [
            "DJI_20260327084543_0007_D.JPG",
            "DJI_20260327084549_0009_D.JPG",
            448
        ],
        [
            "DJI_20260327084543_0007_D.JPG",
            "DJI_20260327084555_0011_D.JPG",
            116
        ],
        [
            "DJI_20260327084524_0001_D.JPG",
            "DJI_20260327084534_0004_D.JPG",
            136
        ],
        [
            "DJI_20260327084528_0002_D.JPG",
            "DJI_20260327084546_0008_D.JPG",
            3
        ],
        [
            "DJI_20260327084524_0001_D.JPG",
            "DJI_20260327084537_0005_D.JPG",
            67
        ],
        [
            "DJI_20260327084524_0001_D.JPG",
            "DJI_20260327084540_0006_D.JPG",
            29
        ],
        [
            "DJI_20260327084531_0003_D.JPG",
            "DJI_20260327084543_0007_D.JPG",
            81
        ],
        [
            "DJI_20260327084531_0003_D.JPG",
            "DJI_20260327084540_0006_D.JPG",
            330
        ],
        [
            "DJI_20260327084543_0007_D.JPG",
            "DJI_20260327084558_0012_D.JPG",
            3
        ],
        [
            "DJI_20260327084524_0001_D.JPG",
            "DJI_20260327084543_0007_D.JPG",
            14
        ],
        [
            "DJI_20260327084528_0002_D.JPG",
            "DJI_20260327084540_0006_D.JPG",
            185
        ],
        [
            "DJI_20260327084552_0010_D.JPG",
            "DJI_20260327084558_0012_D.JPG",
            310
        ],
        [
            "DJI_20260327084555_0011_D.JPG",
            "DJI_20260327084558_0012_D.JPG",
            789
        ],
        [
            "DJI_20260327084540_0006_D.JPG",
            "DJI_20260327084549_0009_D.JPG",
            190
        ],
        [
            "DJI_20260327084549_0009_D.JPG",
            "DJI_20260327084555_0011_D.JPG",
            425
        ],
        [
            "DJI_20260327084546_0008_D.JPG",
            "DJI_20260327084549_0009_D.JPG",
            926
        ],
        [
            "DJI_20260327084524_0001_D.JPG",
            "DJI_20260327084546_0008_D.JPG",
            2
        ],
        [
            "DJI_20260327084552_0010_D.JPG",
            "DJI_20260327084555_0011_D.JPG",
            714
        ],
        [
            "DJI_20260327084531_0003_D.JPG",
            "DJI_20260327084549_0009_D.JPG",
            1
        ],
        [
            "DJI_20260327084546_0008_D.JPG",
            "DJI_20260327084555_0011_D.JPG",
            273
        ],
        [
            "DJI_20260327084540_0006_D.JPG",
            "DJI_20260327084555_0011_D.JPG",
            7
        ],
        [
            "DJI_20260327084549_0009_D.JPG",
            "DJI_20260327084558_0012_D.JPG",
            142
        ],
        [
            "DJI_20260327084543_0007_D.JPG",
            "DJI_20260327084552_0010_D.JPG",
            202
        ],
        [
            "DJI_20260327084540_0006_D.JPG",
            "DJI_20260327084546_0008_D.JPG",
            578
        ],
        [
            "DJI_20260327084546_0008_D.JPG",
            "DJI_20260327084558_0012_D.JPG",
            74
        ],
        [
            "DJI_20260327084531_0003_D.JPG",
            "DJI_20260327084537_0005_D.JPG",
            586
        ],
        [
            "DJI_20260327084531_0003_D.JPG",
            "DJI_20260327084534_0004_D.JPG",
            1089
        ],
        [
            "DJI_20260327084537_0005_D.JPG",
            "DJI_20260327084552_0010_D.JPG",
            3
        ],
        [
            "DJI_20260327084528_0002_D.JPG",
            "DJI_20260327084531_0003_D.JPG",
            1262
        ],
        [
            "DJI_20260327084537_0005_D.JPG",
            "DJI_20260327084546_0008_D.JPG",
            370
        ],
        [
            "DJI_20260327084540_0006_D.JPG",
            "DJI_20260327084543_0007_D.JPG",
            1133
        ],
        [
            "DJI_20260327084549_0009_D.JPG",
            "DJI_20260327084552_0010_D.JPG",
            810
        ],
        [
            "DJI_20260327084534_0004_D.JPG",
            "DJI_20260327084543_0007_D.JPG",
            274
        ],
        [
            "DJI_20260327084537_0005_D.JPG",
            "DJI_20260327084543_0007_D.JPG",
            671
        ],
        [
            "DJI_20260327084524_0001_D.JPG",
            "DJI_20260327084531_0003_D.JPG",
            366
        ],
        [
            "DJI_20260327084534_0004_D.JPG",
            "DJI_20260327084537_0005_D.JPG",
            1123
        ],
        [
            "DJI_20260327084524_0001_D.JPG",
            "DJI_20260327084528_0002_D.JPG",
            556
        ],
        [
            "DJI_20260327084528_0002_D.JPG",
            "DJI_20260327084543_0007_D.JPG",
            24
        ],
        [
            "DJI_20260327084537_0005_D.JPG",
            "DJI_20260327084540_0006_D.JPG",
            1324
        ],
        [
            "DJI_20260327084543_0007_D.JPG",
            "DJI_20260327084546_0008_D.JPG",
            1101
        ],
        [
            "DJI_20260327084546_0008_D.JPG",
            "DJI_20260327084552_0010_D.JPG",
            458
        ],
        [
            "DJI_20260327084534_0004_D.JPG",
            "DJI_20260327084546_0008_D.JPG",
            108
        ],
        [
            "DJI_20260327084534_0004_D.JPG",
            "DJI_20260327084540_0006_D.JPG",
            639
        ],
        [
            "DJI_20260327084528_0002_D.JPG",
            "DJI_20260327084534_0004_D.JPG",
            591
        ],
        [
            "DJI_20260327084528_0002_D.JPG",
            "DJI_20260327084537_0005_D.JPG",
            343
        ]
    ]
}